{
    "hotel-price range": [
        "cheap",
        "do n't care",
        "moderate",
        "expensive"
    ],
    "hotel-type": [
        "hotel",
        "guest house"
    ],
    "hotel-parking": [
        "yes",
        "do n't care",
        "no",
        "free"
    ],
    "hotel-book stay": [
        "2",
        "1",
        "4",
        "5",
        "3",
        "8",
        "7",
        "6",
        "six"
    ],
    "hotel-book day": [
        "tuesday",
        "friday",
        "monday",
        "wednesday",
        "saturday",
        "thursday",
        "sunday"
    ],
    "hotel-book people": [
        "6",
        "1",
        "3",
        "5",
        "4",
        "2",
        "8",
        "7",
        "six",
        "3."
    ],
    "hotel-area": [
        "east",
        "north",
        "centre",
        "south",
        "west",
        "do n't care",
        "southern aylesbray",
        "cambridge",
        "el shaddai",
        "stevenage",
        "place to be a guesthouse",
        "peterborough",
        "bishops stortford",
        "cheap"
    ],
    "hotel-stars": [
        "4",
        "2",
        "0",
        "3",
        "do n't care",
        "1",
        "5"
    ],
    "hotel-internet": [
        "yes",
        "do n't care",
        "no"
    ],
    "train-destination": [
        "bishops stortford",
        "cambridge",
        "ely",
        "peterborough",
        "norwich",
        "london liverpool street",
        "leicester",
        "kings lynn",
        "broxbourne",
        "birmingham new street",
        "london kings cross",
        "stansted airport",
        "stevenage",
        "lecester",
        "bishop stortford",
        "north",
        "willi",
        "curry prince",
        "bournemouth",
        "centre",
        "no",
        "bishops storford",
        "city centre north",
        "taj tandoori",
        "petersborough",
        "huntington marriott",
        "hol",
        "gonv",
        "liverpool",
        "huntingdon marriott hotel",
        "gourmet burger kitchen",
        "the copper kettle"
    ],
    "train-day": [
        "friday",
        "wednesday",
        "monday",
        "saturday",
        "thursday",
        "tuesday",
        "sunday",
        "do n't care",
        "fr",
        "n",
        "we",
        "train"
    ],
    "train-departure": [
        "cambridge",
        "birmingham new street",
        "ely",
        "norwich",
        "bishops stortford",
        "peterborough",
        "stevenage",
        "broxbourne",
        "london liverpool street",
        "leicester",
        "stansted airport",
        "kings lynn",
        "london kings cross",
        "birmingham",
        "do n't care",
        "saint johns",
        "wandlebury country park",
        "liecester",
        "panahar",
        "cineworld",
        "stansted",
        "el shaddai",
        "lon",
        "cafe uno",
        "leicaster",
        "city hall",
        "rosa's bed and breakfast",
        "norwhich",
        "cam",
        "brookshite",
        "bro",
        "cambrid",
        "arbu",
        "aylesbray lodge guest",
        "alpha-milton",
        "a",
        "london",
        "hamilton lodge",
        "duxford",
        "camboats"
    ],
    "train-arrive by": [
        "19:45",
        "20:45",
        "11:30",
        "14:45",
        "08:15",
        "13:45",
        "08:00",
        "08:45",
        "11:00",
        "11:45",
        "08:30",
        "10:45",
        "05:00",
        "20:00",
        "15:15",
        "11:15",
        "19:00",
        "20:15",
        "16:45",
        "12:45",
        "10:15",
        "21:00",
        "15:00",
        "17:15",
        "14:30",
        "20:30",
        "18:15",
        "12:15",
        "18:45",
        "12:00",
        "10:00",
        "21:45",
        "16:15",
        "14:00",
        "18:30",
        "17:45",
        "13:30",
        "19:30",
        "12:30",
        "09:15",
        "09:00",
        "16:00",
        "23:00",
        "10:30",
        "09:30",
        "16:30",
        "18:00",
        "09:45",
        "15:45",
        "19:15",
        "18:23",
        "13:00",
        "17:30",
        "15:30",
        "21:15",
        "13:15",
        "21:30",
        "17:00",
        "8:00",
        "14:15",
        "do n't care",
        "thursday",
        "05:30",
        "16:06",
        "11:52",
        "6:55",
        "18:07",
        "09:06",
        "07:15",
        "06:01",
        "13:52",
        "22:07",
        "19:57",
        "08:44",
        "06:30",
        "10:08",
        "08:07",
        "07:30",
        "19:58",
        "10:43",
        "9:30",
        "13:38",
        "15:06",
        "07:35",
        "01:00",
        "13:56",
        "12:07",
        "15:07",
        "11:24",
        "22:00",
        "14:43",
        "19:27",
        "10:32",
        "1100",
        "06:15",
        "23:30",
        "15:01",
        "16:32",
        "05:15",
        "13:32",
        "07:45",
        "05:45",
        "09;45",
        "18:32",
        "23:27",
        "06:45",
        "19:51",
        "tuesday",
        "21:06",
        "15:24",
        "17:23",
        "09:32"
    ],
    "train-book people": [
        "1",
        "5",
        "8",
        "6",
        "2",
        "7",
        "4",
        "3",
        "0",
        "9",
        "15",
        "`1",
        "10"
    ],
    "train-leave at": [
        "21:15",
        "12:45",
        "19:45",
        "14:00",
        "15:15",
        "10:00",
        "09:29",
        "10:15",
        "09:15",
        "19:15",
        "11:15",
        "17:45",
        "14:30",
        "20:00",
        "after 9:15 am",
        "09:30",
        "08:15",
        "20:15",
        "10:45",
        "14:45",
        "17:00",
        "21:00",
        "17:30",
        "11:30",
        "13:45",
        "12:15",
        "08:45",
        "11:45",
        "09:00",
        "18:45",
        "05:15",
        "18:00",
        "16:00",
        "11:00",
        "05:00",
        "08:00",
        "18:30",
        "21:45",
        "16:30",
        "14:15",
        "16:15",
        "10:32",
        "12:30",
        "13:00",
        "15:32",
        "13:30",
        "02:00",
        "08:30",
        "15:00",
        "10:30",
        "15:45",
        "09:45",
        "21:30",
        "05:59",
        "06:00",
        "18:15",
        "bishops stortford",
        "07:45",
        "05:45",
        "after 11:30",
        "12:00",
        "13:15",
        "20:45",
        "16:45",
        "19:00",
        "15:30",
        "17:15",
        "05:30",
        "do n't care",
        "18:40",
        "21:50",
        "19:30",
        "06:45",
        "06:30",
        "18:06",
        "22:00",
        "0",
        "14:21",
        "13:11",
        "21:07",
        "11:35",
        "20:30",
        "monday",
        "leicester",
        "07:21",
        "05:16",
        "8:30",
        "after 8:30",
        "05:01",
        "10:36",
        "20:36",
        "21:39",
        "17:59",
        "18:31",
        "13:35",
        "after 19:30",
        "09:17",
        "07:15",
        "morning",
        "09:59",
        "07:00",
        "saturday",
        "07:54",
        "09:54",
        "08:16",
        "15:24",
        "15:17",
        "9:30",
        "13:39",
        "15:11",
        "13:01",
        "05:17",
        "10:34",
        "10:16",
        "11:39",
        "12:06",
        "11:50",
        "13:54",
        "8:45",
        "13:29",
        "19:11",
        "14:48",
        "11:21",
        "12:32",
        "after 16:30",
        "15:16",
        "11:48",
        "18:11",
        "18:46",
        "02:30",
        "22:01",
        "19:21",
        "thursday",
        "08:01",
        "15:29",
        "08:11",
        "20:40",
        "13:17",
        "15:01",
        "14:34",
        "08:32"
    ],
    "attraction-area": [
        "centre",
        "west",
        "north",
        "south",
        "east",
        "do n't care",
        "cambridge"
    ],
    "restaurant-food": [
        "turkish",
        "indian",
        "chinese",
        "seafood",
        "italian",
        "british",
        "australasian",
        "australian",
        "asian oriental",
        "thai",
        "vegetarian",
        "modern european",
        "gastropub",
        "south indian",
        "european",
        "portuguese",
        "swiss",
        "crossover",
        "catalan",
        "french",
        "do n't care",
        "mexican",
        "welsh",
        "korean",
        "tuscan",
        "new zealand",
        "molecular gastronomy",
        "eritrean",
        "british food",
        "the americas",
        "north american",
        "spanish",
        "barbeque",
        "persian",
        "greek",
        "lebanese",
        "vietnamese",
        "belgian",
        "creative",
        "jamaican",
        "scottish",
        "cuban",
        "japanese",
        "sri lankan",
        "light bites",
        "moroccan",
        "latin american",
        "african",
        "basque",
        "modern global",
        "halal",
        "mediterranean",
        "bistro",
        "international",
        "unusual",
        "north indian",
        "modern eclectic",
        "danish",
        "afghan",
        "world",
        "northern european",
        "german",
        "cantonese",
        "irish",
        "romanian",
        "russian",
        "english",
        "corsica",
        "steakhouse",
        "hungarian",
        "singaporean",
        "austrian",
        "venetian",
        "ital",
        "polynesian",
        "kosher",
        "swedish",
        "scandinavian",
        "modern american",
        "christmas",
        "malaysian",
        "north african",
        "brazilian",
        "canapes",
        "caribbean",
        "south african",
        "traditional",
        "indonesian",
        "middle eastern",
        "fusion",
        "polish",
        "asian",
        "not mentionedc",
        "afternoon tea",
        "eastern european",
        "panasian",
        "kor",
        "gastro pub",
        "american",
        "pizza",
        "modern  european",
        "modern english"
    ],
    "restaurant-price range": [
        "expensive",
        "cheap",
        "moderate",
        "do n't care"
    ],
    "restaurant-area": [
        "centre",
        "south",
        "north",
        "east",
        "west"
    ],
    "attraction-name": [
        "all saints church",
        "funky fun house",
        "christ's college",
        "the man on the moon",
        "milton country park",
        "wandlebury country park",
        "king's college",
        "lynne strover gallery",
        "saint john's college",
        "broughton house gallery",
        "old schools",
        "museum of classical archaeology",
        "adc theatre",
        "emmanuel college",
        "byard art",
        "soul tree nightclub",
        "club salsa",
        "cherry hinton hall and grounds",
        "museum of archaelogy and anthropology",
        "castle galleries",
        "nusha",
        "regency gallery",
        "whipple museum of the history of science",
        "churchill college",
        "holy trinity church",
        "cambridge artworks",
        "cambridge arts theatre",
        "scott polar museum",
        "do n't care",
        "scudamores punting co",
        "clare college",
        "saint barnabas press gallery",
        "cambridge and county folk museum",
        "kettle's yard",
        "no specific location",
        "whale of a time",
        "vue cinema",
        "cambridge book and print gallery",
        "ballare",
        "cafe jello gallery",
        "riverboat georgina",
        "the fitzwilliam museum",
        "sidney sussex college",
        "saint catharine's college",
        "great saint mary's church",
        "cherry hinton water play",
        "primavera",
        "cineworld cinema",
        "magdalene college",
        "kambar",
        "parkside pools",
        "the fez club",
        "cambridge university botanic gardens",
        "cambridge museum of technology",
        "downing college",
        "clare hall",
        "cafe jello",
        "little saint mary's church",
        "people's portraits exhibition at girton college",
        "abbey pool and astroturf pitch",
        "corpus christi",
        "tenpin",
        "the cambridge punter",
        "queens' college",
        "no",
        "fez club",
        "mumford theatre",
        "the cherry hinton village centre",
        "jesus green outdoor pool",
        "trinity college",
        "gonville and caius college",
        "camboats",
        "cambridge",
        "williams art and antiques",
        "kings hedges learner pool",
        "cambridge contemporary art",
        "the cambridge corn exchange",
        "the place",
        "ruskin gallery",
        "sheep's green and lammas land park fen causeway",
        "gallery at twelve a high street",
        "carol",
        "swimming pool",
        "kirkwood",
        "pembroke college",
        "univ",
        "the junction",
        "jesus college",
        "ay",
        "fitzwilliam museum",
        "college",
        "pizz",
        "worth house",
        "fi",
        "free",
        "aut",
        "man on the moon",
        "bo",
        "all saint's church",
        "hughes hall",
        "city",
        "christ college",
        "north",
        "by",
        "autu",
        "garde",
        "s",
        "caffe uno",
        "cambridge belf",
        "old school",
        "museum",
        "love",
        "cambridge corn exchange",
        "college in the north",
        "boating",
        "older churches",
        "c",
        "cambridge punter",
        "queen's college",
        "architectural churches",
        "saint john's college.",
        "parkside",
        "ac",
        "thanh",
        "the mumford theatre",
        "fitzbillies",
        "home from home",
        "da v",
        "cambridge temporary art",
        "centre",
        "k",
        "fitzwilliam",
        "pizza",
        "scott polar",
        "da vinci pizzeria",
        "broughton",
        "contemporary art museum",
        "belf",
        "school",
        "corn cambridge exchange",
        "bangkok city",
        "bed",
        "mi"
    ],
    "restaurant-name": [
        "meze bar restaurant",
        "indian",
        "pizza hut city centre",
        "the good luck chinese food takeaway",
        "caffe uno",
        "the gardenia",
        "the oak bistro",
        "do n't care",
        "sala thong",
        "thanh binh",
        "riverside brasserie",
        "cambri",
        "pizza express",
        "yippee noodle bar",
        "curry prince",
        "midsummer house restaurant",
        "cote",
        "restaurant alimentum",
        "nandos city centre",
        "chiquito restaurant bar",
        "maharajah tandoori restaurant",
        "yu garden",
        "bangkok city",
        "copper kettle",
        "backstreet bistro",
        "the golden curry",
        "don pasquale pizzeria",
        "sesame restaurant and bar",
        "charlie",
        "the cow pizza kitchen and bar",
        "india house",
        "loch fyne",
        "eraina",
        "royal spice",
        "prezzo",
        "curry king",
        "the nirala",
        "curry garden",
        "zizzi cambridge",
        "da vinci pizzeria",
        "jinling noodle bar",
        "la raza",
        "cotto",
        "efes restaurant",
        "taj tandoori",
        "golden wok",
        "charlie chan",
        "kohinoor",
        "bedouin",
        "the cambridge chop house",
        "stazione restaurant and coffee bar",
        "graffiti",
        "pizza hut",
        "la mimosa",
        "city stop",
        "grafton hotel restaurant",
        "pizza hut fen ditton",
        "ba",
        "frankie and bennys",
        "rajmahal",
        "rice boat",
        "the missing sock",
        "the varsity restaurant",
        "panahar",
        "nandos",
        "sitar tandoori",
        "oak bistro",
        "scudamores punt",
        "lovel",
        "anatolia",
        "clowns cafe",
        "gourmet burger kitchen",
        "tandoori palace",
        "ali baba",
        "darrys cookhouse and wine shop",
        "hakka",
        "peking restaurant",
        "de luca cucina and bar",
        "the slug and lettuce",
        "city stop restaurant",
        "kymmoy",
        "cambridge lodge restaurant",
        "tandoori",
        "bloomsbury restaurant",
        "ugly duckling",
        "hk fusion",
        "pizza hut cherry hinton",
        "fitzbillies restaurant",
        "hotel du vin and bistro",
        "no",
        "restaurant two two",
        "dojo noodle bar",
        "fi",
        "the copper kettle",
        "michaelhouse cafe",
        "restaurant one seven",
        "the hotpot",
        "royal standard",
        "lev",
        "the river bar steakhouse and grill",
        "pipasha restaurant",
        "golden curry",
        "saigon city",
        "pizza express fen ditton",
        "little seoul",
        "meghna",
        "saffron brasserie",
        "j restaurant",
        "la margherita",
        "the lucky star",
        "lan hong house",
        "hotpot",
        "ask",
        "the gandhi",
        "cocum",
        "golden house",
        "la tasca",
        "shanghai family restaurant",
        "worth house",
        "wagamama",
        "galleria",
        "lo",
        "travellers rest",
        "mahal of cambridge",
        "archway",
        "molecular gastonomy",
        "european",
        "saint johns chop house",
        "anatolia and efes restaurant",
        "shiraz restaurant",
        "nirala",
        "not metioned",
        "cott",
        "cambridge chop house",
        "bridge",
        "lucky star",
        "clu",
        "tang chinese",
        "the",
        "golden house                            golden house",
        "rice house",
        "limehouse",
        "clowns",
        "restaurant",
        "parkside pools",
        "the dojo noodle bar",
        "nusha",
        "hobson house",
        "au",
        "curry queen",
        "el shaddai",
        "old school",
        "el",
        "cam",
        "yes",
        "gardenia",
        "fin",
        "efes",
        "slug and lettuce",
        "camboats",
        "missing sock",
        "grafton",
        "nus",
        "cambridge lodge",
        "fitzbillies",
        "hamilton lodge",
        "gastropub",
        "funky",
        "cow pizza",
        "ashley",
        "ros",
        "hobso",
        "kitchen and bar",
        "d",
        "cityr",
        "pipasha",
        "seasame restaurant and bar",
        "the alex",
        "hu",
        "one seven",
        "shanghi family restaurant",
        "cambridge be",
        "dif",
        "margherita",
        "ac",
        "bri",
        "india",
        "adden",
        "ian hong house"
    ],
    "attraction-type": [
        "museum",
        "entertainment",
        "college",
        "nightclub",
        "swimming pool",
        "multiple sports",
        "architecture",
        "cinema",
        "boat",
        "theatre",
        "concert hall",
        "park",
        "do n't care",
        "local site",
        "hotspot",
        "church",
        "special"
    ],
    "hospital-department": [
        "paediatric clinic",
        "do n't care",
        "transitional care",
        "acute medical assessment unit",
        "neurology",
        "oral and maxillofacial surgery and ent",
        "infectious diseases",
        "intermediate dependancy area",
        "plastic and vascular surgery plastics",
        "cardiology and coronary care unit",
        "transplant high dependency unit",
        "emergency department",
        "john farman intensive care unit",
        "neurology neurosurgery",
        "cambridge eye unit",
        "cardiology",
        "respiratory medicine",
        "uro",
        "urology",
        "surgery",
        "medical decisions unit",
        "gener",
        "hepatobillary and gastrointestinal surgery regional referral centre",
        "gastroenterology",
        "haematology and haematological oncology",
        "acute medicine for the elderly",
        "paediatric day unit",
        "oncology",
        "psychiatry",
        "trauma high dependency unit",
        "children's surgical and medicine",
        "infusion services",
        "trauma and orthopaedics",
        "teenage cancer trust unit",
        "diabetes and endocrinology",
        "medicine for the elderly",
        "clinical decisions unit",
        "children's oncology and haematology",
        "neurosciences critical care unit",
        "coronary care unit",
        "clinical research facility",
        "antenatal",
        "hepatology",
        "gynaecology",
        "neurosciences",
        "paediatric intensive care unit",
        "haematology day unit",
        "neonatal unit",
        "accident",
        "haematology",
        "inpatient occupational therapy"
    ],
    "hotel-name": [
        "city centre north b and b",
        "express by holiday inn cambridge",
        "el shaddai",
        "a and b guest house",
        "arbury lodge guest house",
        "university arms hotel",
        "kirkwood house",
        "autumn house",
        "gonville hotel",
        "leverton house",
        "acorn guest house",
        "the cambridge belfry",
        "ashley hotel",
        "the lensfield hotel",
        "finches bed and breakfast",
        "worth house",
        "wandlebury coutn",
        "allenbell",
        "rosa's bed and breakfast",
        "home from home",
        "avalon",
        "alpha-milton guest house",
        "alexander bed and breakfast",
        "cityroomz",
        "limehouse",
        "archway house",
        "warkworth house",
        "lovell lodge",
        "do n't care",
        "aylesbray lodge guest house",
        "carolina bed and breakfast",
        "huntingdon marriott hotel",
        "hobsons house",
        "hamilton lodge",
        "whale",
        "alp",
        "cambridge belfry",
        "bridge guest house",
        "gonville",
        "cambridge",
        "acorn  house",
        "to",
        "n",
        "city center north",
        "caffe",
        "express by",
        "clare",
        "acorn",
        "sou",
        "north b and b",
        "a",
        "lensfield",
        "city stop rest",
        "kirkwood",
        "levert",
        "anatolia",
        "huntingdon marriot hotel",
        "cherr",
        "huntingd",
        "nusha",
        "aylesbray lodge",
        "royal spice",
        "la margherit",
        "hotel",
        "gall",
        "city roomz",
        "alexander",
        "caridge belfrey",
        "yes",
        "me",
        "nus",
        "alexander bed & breakfast",
        "the allenbell.",
        "the allenbell",
        "gra",
        "the",
        "cambridg",
        "lensfield hotel",
        "tandoori palace",
        "huntingdon hotel",
        "autumn house.",
        "doubletree by hilton cambridge",
        "ca"
    ],
    "taxi-leave at": [
        "02:45",
        "24:45",
        "08:45",
        "16:15",
        "04:45",
        "24:00",
        "12:30",
        "12:00",
        "02:30",
        "19:00",
        "19:45",
        "13:00",
        "22:15",
        "13:45",
        "15:15",
        "01:30",
        "16:45",
        "07:15",
        "20:00",
        "12:15",
        "21:00",
        "17:15",
        "08:00",
        "10:30",
        "21:15",
        "15:00",
        "05:30",
        "13:15",
        "01:15",
        "06:15",
        "01:00",
        "18:30",
        "06:45",
        "06:00",
        "07:45",
        "06:30",
        "17:45",
        "18:15",
        "19:30",
        "24:30",
        "21:30",
        "03:45",
        "21:25",
        "14:30",
        "17:00",
        "14:00",
        "04:30",
        "23:30",
        "03:30",
        "20:15",
        "24:15",
        "02:00",
        "07:00",
        "23:00",
        "08:15",
        "22:00",
        "10:15",
        "16:30",
        "02:15",
        "18:00",
        "14:15",
        "10:00",
        "17:30",
        "15:45",
        "05:45",
        "19:15",
        "20:45",
        "23:45",
        "15:30",
        "13:30",
        "11:45",
        "05:00",
        "03:15",
        "03:20",
        "07:30",
        "23:15",
        "16:00",
        "09:30",
        "after 2:30",
        "11:30",
        "09:45",
        "09:15",
        "09:00",
        "15:25",
        "08:30",
        "14:45",
        "04:00",
        "11:00",
        "22:45",
        "11:15",
        "03:00",
        "04:15",
        "1615",
        "22:30",
        "3:45",
        "21:45",
        "after 11:45",
        "05:15",
        "8:15",
        "01:45",
        "12:45",
        "10:45",
        "20:30",
        "3:15",
        "18:45",
        "thursday",
        "9:00",
        "21:04",
        "9:15",
        "6:00",
        "10:50",
        "after 15:45",
        "1:15",
        "300",
        "monday",
        "friday",
        "1"
    ],
    "taxi-destination": [
        "express by holiday inn cambridge",
        "dojo noodle bar",
        "wandlebury country park",
        "leverton house",
        "the cambridge chop house",
        "saint john's college",
        "galleria",
        "churchill college",
        "royal spice",
        "all saints church",
        "nandos city centre",
        "cote",
        "chiquito restaurant bar",
        "saint johns chop house",
        "the nirala",
        "tang chinese",
        "the junction",
        "bangkok city",
        "cambridge university botanic gardens",
        "the lucky star",
        "london liverpool street train station",
        "la raza",
        "soul tree nightclub",
        "the cow pizza kitchen and bar",
        "yippee noodle bar",
        "christ's college",
        "el shaddai",
        "castle galleries",
        "saint catharine's college",
        "riverside brasserie",
        "fitzbillies restaurant",
        "cambridge",
        "camb",
        "the golden curry",
        "wagamama",
        "jinling noodle bar",
        "maharajah tandoori restaurant",
        "little saint mary's church",
        "camboats",
        "cotto",
        "nusha",
        "acorn guest house",
        "frankie and bennys",
        "jesus green outdoor pool",
        "aylesbray lodge guest house",
        "golden wok",
        "charlie chan",
        "country folk museum",
        "huntingdon marriott hotel",
        "meze bar restaurant",
        "vue cinema",
        "adc theatre",
        "rice house",
        "graffiti",
        "saigon city",
        "city stop restaurant",
        "carolina bed and breakfast",
        "cafe jello gallery",
        "little seoul",
        "primavera",
        "kohinoor",
        "the place",
        "loch fyne",
        "rice boat",
        "kings hedges learner pool",
        "the cambridge belfry",
        "cambridge artworks",
        "pizza hut cherry hinton",
        "cambridge train station",
        "sitar tandoori",
        "the gardenia",
        "don pasquale pizzeria",
        "milton country park",
        "hamilton lodge",
        "hobsons house",
        "kirkwood house",
        "archway house",
        "the fitzwilliam museum",
        "alexander bed and breakfast",
        "cambridge museum of technology",
        "midsummer house restaurant",
        "allenbell",
        "hakka",
        "old schools",
        "ashley hotel",
        "de luca cucina and bar",
        "cambridge lodge restaurant",
        "efes restaurant",
        "bedouin",
        "club salsa",
        "bloomsbury restaurant",
        "hk fusion",
        "rajmahal",
        "lynne strover gallery",
        "abbey pool and astroturf pitch",
        "taj tandoori",
        "royal standard",
        "a and b guest house",
        "parkside police station",
        "curry garden",
        "scudamores punting co",
        "the lensfield hotel",
        "the fez club",
        "university arms hotel",
        "la margherita",
        "hotel du vin and bistro",
        "pizza express fen ditton",
        "hughes hall",
        "gonville hotel",
        "the gandhi",
        "sidney sussex college",
        "tenpin",
        "ask",
        "backstreet bistro",
        "nandos",
        "ballare",
        "ali baba",
        "india house",
        "peking restaurant",
        "meghna",
        "the river bar steakhouse and grill",
        "the cambridge punter",
        "pipasha restaurant",
        "prezzo",
        "whale of a time",
        "finches bed and breakfast",
        "avalon",
        "curry prince",
        "da vinci pizzeria",
        "corpus christi",
        "holy trinity church",
        "the varsity restaurant",
        "saffron brasserie",
        "downing college",
        "sesame restaurant and bar",
        "cambridge contemporary art",
        "addenbrookes hospital",
        "williams art and antiques",
        "pembroke college",
        "clare hall",
        "cambridge arts theatre",
        "shanghai family restaurant",
        "king's college",
        "the cherry hinton village centre",
        "cambridge and county folk museum",
        "the hotpot",
        "bridge guest house",
        "ugly duckling",
        "cocum",
        "stazione restaurant and coffee bar",
        "gourmet burger kitchen",
        "la tasca",
        "shiraz restaurant",
        "byard art",
        "sheep's green and lammas land park fen causeway",
        "caffe uno",
        "broughton house gallery",
        "the ghandi",
        "kambar",
        "the copper kettle",
        "yu garden",
        "trinity college",
        "birmingham new street train station",
        "funky fun house",
        "eraina",
        "man on the moon concert hall",
        "tandoori palace",
        "magdalene college",
        "worth house",
        "mumford theatre",
        "pizza express",
        "ely train station",
        "lan hong house",
        "mahal of cambridge",
        "pizza hut city centre",
        "golden house",
        "alpha-milton guest house",
        "regency gallery",
        "darrys cookhouse and wine shop",
        "cityroomz",
        "ta",
        "queen's college",
        "restaurant one seven",
        "arbury lodge guesthouse",
        "the cambridge corn exchange",
        "the oak bistro",
        "cambridge county fair next to the city tourist museum",
        "riverboat georgina",
        "stansted airport train station",
        "grafton hotel restaurant",
        "thanh binh",
        "autumn house",
        "restaurant two two",
        "jesus college",
        "london kings cross train station",
        "city centre north b and b",
        "cherry hinton water play",
        "travellers rest",
        "the man on the moon",
        "rosa's bed and breakfast",
        "the good luck chinese food takeaway",
        "curry king",
        "cambridge book and print gallery",
        "st johns chop house",
        "cherry hinton hall and grounds",
        "anatolia",
        "saint barnabas press gallery",
        "j restaurant",
        "parkside pools",
        "kymmoy",
        "scott polar museum",
        "cineworld cinema",
        "michaelhouse cafe",
        "cambr",
        "restaurant alimentum",
        "zizzi cambridge",
        "not museum of archaeology and anthropologymentioned",
        "gonville and caius college",
        "lovell lodge",
        "fitzwilliam museum",
        "sleeperz hotel",
        "the slug and lettuce",
        "whipple museum of the history of science",
        "broxbourne train station",
        "home from home",
        "museum of archaelogy and anthropology",
        "tandori in cambridge",
        "gastropub",
        "the anatolia",
        "kettle's yard",
        "nirala",
        "leicester train station",
        "cambridge road church of christ",
        "warkworth house",
        "megna",
        "grou",
        "sala thong",
        "gallery at twelve a high street",
        "maharajah tandoori restaurant4",
        "pizza hut fen ditton",
        "museum of classical archaeology",
        "the regent street city center",
        "gandhi",
        "emmanuel college",
        "tranh binh",
        "wankworth hotel",
        "kambur",
        "the missing sock",
        "panahar",
        "limehouse",
        "finders corner newmarket road",
        "people's portraits exhibition at girton college",
        "station road",
        "la mimosa",
        "clowns cafe",
        "bishops stortford train station",
        "hotel",
        "nil",
        "kings college",
        "restaurant",
        "attraction",
        "stevenage train station",
        "the galleria",
        "queens' college",
        "great saint mary's church",
        "theathre",
        "ruskin gallery",
        "saint barnabas",
        "peterborough train station",
        "cambridge artw2orks",
        "acorn house",
        "ca",
        "clare college",
        "shiraz.",
        "riverboat georginawd",
        "mic",
        "the gallery at twelve",
        "the soul tree",
        "finches"
    ],
    "taxi-departure": [
        "christ's college",
        "kirkwood house",
        "bridge guest house",
        "cineworld cinema",
        "gonville hotel",
        "ashley hotel",
        "arbury lodge guesthouse",
        "worth house",
        "city centre north b and b",
        "the lensfield hotel",
        "funky fun house",
        "riverboat georgina",
        "backstreet bistro",
        "the junction",
        "express by holiday inn cambridge",
        "all saints church",
        "sala thong",
        "byard art",
        "london kings cross train station",
        "la raza",
        "alexander bed and breakfast",
        "cityroomz",
        "hamilton lodge",
        "alpha-milton guest house",
        "el shaddai",
        "restaurant alimentum",
        "allenbell",
        "churchill college",
        "clare college",
        "parkside pools",
        "cambridge arts theatre",
        "frankie and bennys",
        "huntingdon marriott hotel",
        "university arms hotel",
        "acorn guest house",
        "soul tree nightclub",
        "ali baba",
        "tandoori palace",
        "saigon city",
        "zizzi cambridge",
        "wagamama",
        "the cambridge belfry",
        "milton country park",
        "a and b guest house",
        "city stop restaurant",
        "grafton hotel restaurant",
        "the man on the moon",
        "king's college",
        "great saint mary's church",
        "the oak bistro",
        "club salsa",
        "loch fyne",
        "the place",
        "la mimosa",
        "la margherita",
        "restaurant two two",
        "queens' college",
        "wandlebury country park",
        "kymmoy",
        "magdalene college",
        "royal standard",
        "kings lynn train station",
        "the fez club",
        "jesus green outdoor pool",
        "vue cinema",
        "little saint mary's church",
        "avalon",
        "aylesbray lodge guest house",
        "chinese city centre",
        "thanh binh",
        "yu garden",
        "finches bed and breakfast",
        "hakka",
        "lovell lodge",
        "kettle's yard",
        "bloomsbury restaurant",
        "museum of classical archaeology",
        "cherry hinton water play",
        "camboats",
        "pizza hut cherry hinton",
        "abbey pool and astroturf pitch",
        "pizza hut",
        "taj tandoori",
        "kings hedges learner pool",
        "nandos city centre",
        "hobsons house",
        "carolina bed and breakfast",
        "the golden curry",
        "rosa's bed and breakfast",
        "the river bar steakhouse and grill",
        "cafe jello gallery",
        "the cambridge punter",
        "the byard art museum",
        "archway house",
        "ugly duckling",
        "cherry hinton hall and grounds",
        "addenbrookes hospital",
        "graffiti",
        "cambridge artworks",
        "broughton house gallery",
        "the missing sock",
        "autumn house",
        "stazione restaurant and coffee bar",
        "whale of a time",
        "cambridge lodge restaurant",
        "saint johns chop house",
        "prezzo",
        "rice boat",
        "lan hong house",
        "leverton house",
        "kambar",
        "hotel",
        "museum of archaelogy and anthropology",
        "saint catharine's college",
        "la tasca",
        "cambridge",
        "downing college",
        "cocum",
        "mumford theatre",
        "cote",
        "golden wok",
        "cambridge university botanic gardens",
        "charlie chan",
        "corpus christi",
        "old schools",
        "cambridge belfry",
        "jinling noodle bar",
        "birmingham new street train station",
        "meze bar restaurant",
        "warkworth house",
        "pizza express",
        "gonville and caius college",
        "cambridge contemporary art",
        "primavera",
        "adc theatre",
        "bedouin",
        "w",
        "trinity college",
        "nusha",
        "the good luck chinese food takeaway",
        "travellers rest",
        "restaurant one seven",
        "pizza hut fen ditton",
        "ask",
        "cambridge and county folk museum",
        "curry prince",
        "the nirala",
        "pembroke college",
        "golden house",
        "castle galleries",
        "the fitzwilliam museum",
        "galleria",
        "jesus college",
        "curry garden",
        "anatolia",
        "the gandhi",
        "nandos",
        "st. john's college",
        "clowns cafe",
        "dojo noodle bar",
        "panahar",
        "whipple museum of the history of science",
        "royal spice",
        "clare hall",
        "gallery at twelve a high street",
        "pizza hut city centre",
        "bishops stortford train station",
        "ruskin gallery",
        "sheep's green and lammas land park fen causeway",
        "home from home",
        "parkside police station",
        "scudamores punting co",
        "the cherry hinton village centre",
        "sesame restaurant and bar",
        "broxbourne train station",
        "sidney sussex college",
        "chiquito restaurant bar",
        "cambridge train station",
        "saffron brasserie",
        "pizza express fen ditton",
        "tenpin",
        "scott polar museum",
        "rice house",
        "caffee uno",
        "cotto",
        "corpus cristi",
        "the varsity restaurant",
        "limehouse",
        "ely train station",
        "hotel du vin and bistro",
        "meghna",
        "the gardenia",
        "emmanuel college",
        "saint barnabas press gallery",
        "rajmahal",
        "lynne strover gallery",
        "cas",
        "riverside brasserie",
        "hughes hall",
        "cherry hinton village center",
        "the lucky star",
        "bangkok city",
        "kohinoor",
        "don pasquale pizzeria",
        "fitzbillies restaurant",
        "acorn house",
        "curry queen",
        "ballare",
        "the cambridge corn exchange",
        "lens",
        "cambridge museum of technology",
        "the cambridge chop house",
        "peterborough train station",
        "london liverpool street",
        "the copper kettle",
        "holy trinity church",
        "the slug and lettuce",
        "williams art and antiques",
        "the avalon",
        "junction theatre",
        "yippee noodle bar",
        "da vinci pizzeria",
        "maharajah tandoori restaurant",
        "darrys cookhouse and wine shop",
        "michaelhouse cafe",
        "tang chinese",
        "peking restaurant",
        "saint john's college",
        "aylesbray lodge",
        "the alexander bed and breakfast",
        "ely",
        "cambridge belfy",
        "kings college",
        "eraina",
        "people's portraits exhibition at girton college",
        "gonville",
        "caffe uno",
        "the cow pizza kitchen and bar",
        "mahal of cambridge",
        "lovell ldoge",
        "alyesbray lodge hotel",
        "g",
        "cambridge chop house",
        "j restaurant",
        "172 chestertown road",
        "little seoul",
        "stevenage train station",
        "downing street",
        "gourmet burger kitchen",
        "cambridge towninfo centre",
        "citiroomz",
        "de luca cucina and bar",
        "london liverpool street train station",
        "cinema",
        "museum",
        "shiraz restaurant",
        "clair hall",
        "sitar tandoori",
        "ca",
        "cambridge book and print gallery",
        "norwich train station",
        "home",
        "regency gallery",
        "nstaot mentioned",
        "new england",
        "the hotpot",
        "park",
        "07:15",
        "the allenbell"
    ],
    "restaurant-book time": [
        "19:45",
        "13:45",
        "10:15",
        "19:15",
        "11:30",
        "10:30",
        "18:45",
        "13:30",
        "15:00",
        "11:45",
        "12:00",
        "15:15",
        "16:45",
        "15:45",
        "17:15",
        "19:30",
        "14:00",
        "10:45",
        "17:30",
        "16:30",
        "17:00",
        "12:30",
        "18:15",
        "18:00",
        "20:15",
        "12:45",
        "14:15",
        "13:15",
        "10:00",
        "16:00",
        "19:00",
        "12:15",
        "11:00",
        "11:15",
        "15:30",
        "14:30",
        "18:30",
        "14:45",
        "17:45",
        "09:15",
        "09:45",
        "16:15",
        "13:00",
        "20:00",
        "21:00",
        "20:30",
        "20:45",
        "1545",
        "1745",
        "09:00",
        "not given",
        "do n't care",
        "13:10",
        "21:45",
        "08:45",
        "09:30"
    ],
    "restaurant-book day": [
        "thursday",
        "wednesday",
        "friday",
        "monday",
        "sunday",
        "saturday",
        "tuesday",
        "thur",
        "not given",
        "w"
    ],
    "restaurant-book people": [
        "2",
        "3",
        "1",
        "5",
        "6",
        "4",
        "7",
        "8"
    ],
    "taxi-arrive by": [
        "19:15",
        "15:45",
        "17:15",
        "17:30",
        "17:00",
        "12:30",
        "19:30",
        "12:45",
        "18:00",
        "13:30",
        "13:15",
        "17:45",
        "11:15",
        "14:30",
        "14:45",
        "11:45",
        "09:15",
        "16:45",
        "16:15",
        "01:30",
        "12:15",
        "06:45",
        "01:00",
        "09:30",
        "12:00",
        "11:30",
        "18:30",
        "15:30",
        "18:45",
        "14:00",
        "21:00",
        "15:00",
        "08:15",
        "10:15",
        "19:00",
        "20:15",
        "11:00",
        "15:15",
        "05:15",
        "16:30",
        "21:30",
        "08:00",
        "20:00",
        "20:30",
        "20:45",
        "10:45",
        "13:00",
        "09:00",
        "21:45",
        "16:00",
        "19:45",
        "16;15",
        "6:00",
        "10:30",
        "23:15",
        "13:45",
        "14:15",
        "18:15",
        "04:00",
        "24:45",
        "07:00",
        "04:15",
        "23:00",
        "3:00",
        "02:45",
        "10:00",
        "07:15",
        "24:15",
        "04:45",
        "01:15",
        "06:30",
        "23:30",
        "06:15",
        "21:15",
        "07:30",
        "02:00",
        "22:30",
        "24:00",
        "02:15",
        "1:00",
        "03:15",
        "5:30",
        "05:00",
        "1145",
        "03:30",
        "01:45",
        "22:15",
        "03:45",
        "09:45",
        "03:00",
        "06:00",
        "05:30",
        "17:05",
        "1730",
        "02:30",
        "22:00",
        "04:30",
        "1700",
        "24:30",
        "15:23",
        "08:30"
    ],
    "bus-departure": [
        "cambridge"
    ],
    "bus-destination": [
        "london kings cross",
        "bishops stortford",
        "cambridge",
        "kohinoor"
    ],
    "bus-leaveAt": [
        "21:45"
    ],
    "bus-day": [
        "wednesday"
    ]
}
